{
  "schemaVersion": 1,
  "benchmarkVersion": "hybrid-v2-fixtures-1",
  "generatedAt": "2026-07-23T07:50:23.472Z",
  "configurations": {
    "hybrid-deterministic": {
      "recallAtK": 0.9545454545454546,
      "precisionAtK": 0.3272727272727274,
      "mrr": 0.9393939393939394,
      "ndcgAtK": 0.8953592708974273,
      "fileLevelRecall": 0.9545454545454546,
      "symbolLevelRecall": 0.9090909090909091,
      "duplicateRate": 0,
      "fileDiversity": 1,
      "tokenEfficiency": 11.600771098802111,
      "relevantTokensPerTotalTokens": 0.4215699684764147,
      "latencyMs": 0.28389409090909173,
      "rerankerFailureRate": 0,
      "rerankerFallbackRate": 0
    },
    "hybrid-high-diversity": {
      "recallAtK": 0.9545454545454546,
      "precisionAtK": 0.3272727272727274,
      "mrr": 0.9393939393939394,
      "ndcgAtK": 0.8953592708974273,
      "fileLevelRecall": 0.9545454545454546,
      "symbolLevelRecall": 0.9090909090909091,
      "duplicateRate": 0,
      "fileDiversity": 1,
      "tokenEfficiency": 11.600771098802111,
      "relevantTokensPerTotalTokens": 0.4215699684764147,
      "latencyMs": 0.11269709090908785,
      "rerankerFailureRate": 0,
      "rerankerFallbackRate": 0
    },
    "hybrid-no-rerank": {
      "recallAtK": 0.9545454545454546,
      "precisionAtK": 0.3272727272727274,
      "mrr": 0.9393939393939394,
      "ndcgAtK": 0.8953592708974273,
      "fileLevelRecall": 0.9545454545454546,
      "symbolLevelRecall": 0.9090909090909091,
      "duplicateRate": 0,
      "fileDiversity": 1,
      "tokenEfficiency": 11.600771098802111,
      "relevantTokensPerTotalTokens": 0.4215699684764147,
      "latencyMs": 0.0701364545454572,
      "rerankerFailureRate": 0,
      "rerankerFallbackRate": 0
    },
    "hybrid-tight-budget": {
      "recallAtK": 0.8787878787878788,
      "precisionAtK": 0.29090909090909095,
      "mrr": 0.9393939393939394,
      "ndcgAtK": 0.8572920431422774,
      "fileLevelRecall": 0.8787878787878788,
      "symbolLevelRecall": 0.8333333333333333,
      "duplicateRate": 0,
      "fileDiversity": 1,
      "tokenEfficiency": 11.441554865221743,
      "relevantTokensPerTotalTokens": 0.42126270179238107,
      "latencyMs": 0.082829636363636,
      "rerankerFailureRate": 0,
      "rerankerFallbackRate": 0
    },
    "lexical-only": {
      "recallAtK": 0.7878787878787878,
      "precisionAtK": 0.2727272727272727,
      "mrr": 0.75,
      "ndcgAtK": 0.7126087852248529,
      "fileLevelRecall": 0.7878787878787878,
      "symbolLevelRecall": 0.7424242424242423,
      "duplicateRate": 0,
      "fileDiversity": 0.9090909090909091,
      "tokenEfficiency": 10.66609481919374,
      "relevantTokensPerTotalTokens": 0.3845637185046014,
      "latencyMs": 0.05472363636363556,
      "rerankerFailureRate": 0,
      "rerankerFallbackRate": 0
    },
    "semantic-only": {
      "recallAtK": 0.9242424242424242,
      "precisionAtK": 0.30909090909090914,
      "mrr": 0.9545454545454546,
      "ndcgAtK": 0.9143853527052586,
      "fileLevelRecall": 0.9242424242424242,
      "symbolLevelRecall": 0.8787878787878788,
      "duplicateRate": 0,
      "fileDiversity": 1,
      "tokenEfficiency": 11.096637200838815,
      "relevantTokensPerTotalTokens": 0.4040169427564199,
      "latencyMs": 0.056412818181810695,
      "rerankerFailureRate": 0,
      "rerankerFallbackRate": 0
    }
  }
}
